Nhood,business_id_count,is_open_mean,Nhood_area_first,review_count_mean,stars_mean,RestaurantsPriceRange2_mean,Alcohol_ratio,biz_density_
"Paradise, Las Vegas, NV",5454,0.8192152548588192,113262348.81990418,50.751008434176754,3.674275760909424,1.7348066298342542,0.12614594792812614,481.536897020587
"Spring Valley, Las Vegas, NV",4030,0.822332506203474,90081278.63950229,48.276923076923076,3.8557071960297766,1.7053398058252427,0.09801488833746898,447.37375633040483
"North Scottsdale, Scottsdale, AZ",3706,0.8397193739881273,270722872.64707357,30.464651915812198,3.952779276848354,1.965497412305923,0.10793308148947653,136.89275545000984
"South Scottsdale, Scottsdale, AZ",2889,0.7822776047075113,49348139.07162041,47.44202146071305,3.927829698857736,2.013157894736842,0.16303219106957426,585.4324102894961
"Camelback East, Phoenix, AZ",2882,0.8292852185981957,94578530.60420328,44.25086745315753,3.834316446911867,1.8227513227513228,0.11866759195003469,304.72031882803617
"The Strip, Las Vegas, NV",2643,0.7926598562239879,8657816.566128949,177.98827090427545,3.5709421112372306,2.3422818791946307,0.3325766174801362,3052.7327297969405
"Paradise Valley, Phoenix, AZ",2601,0.8465974625144176,110916581.2766458,26.033833141099578,3.8319876970396,1.7616707616707616,0.07112648981161092,234.5005561893979
"Deer Valley, Phoenix, AZ",1961,0.8597654258031616,147733895.28114972,25.963793982661908,3.689189189189189,1.6237623762376239,0.07139214686384497,132.73866476397012
"Central City, Phoenix, AZ",1897,0.8260411175540326,54239739.25900549,46.73115445440169,3.628887717448603,1.6427783902976847,0.1481286241433843,349.7435691830025
"Enterprise, Las Vegas, NV",1677,0.8449612403100775,124467335.09172945,58.484197972570065,3.7209302325581395,1.7550403225806452,0.10256410256410256,134.73414520878842
"North Mountain, Phoenix, AZ",1648,0.8561893203883495,89786426.21166992,25.163228155339805,3.6386529126213594,1.570528967254408,0.08191747572815535,183.54667509706522
"Alhambra, Phoenix, AZ",1147,0.8308631211857018,49805727.59348405,33.99389712292938,3.699651264167393,1.635048231511254,0.08544027898866609,230.2947984942316
"Encanto, Phoenix, AZ",1066,0.8180112570356473,26796418.836932044,44.76641651031895,3.7185741088180113,1.602540834845735,0.12664165103189493,397.8143521666374
"Rancho Charleston, Las Vegas, NV",997,0.8294884653961886,16095092.396815753,35.44332998996991,3.6905717151454365,1.7214428857715431,0.07021063189568706,619.4434771913742
"Downtown, Las Vegas, NV",923,0.8104008667388949,4974383.752925262,70.13326110509209,3.805525460455038,1.8538205980066444,0.19393282773564463,1855.506221162
"Ahwatukee Foothills, Phoenix, AZ",900,0.8377777777777777,91674688.68669541,28.46,3.723888888888889,1.7833698030634573,0.08888888888888889,98.17322675354941
"Westgate, Henderson, NV",847,0.7922077922077922,18782739.209880024,48.0767414403778,3.857142857142857,1.7869955156950672,0.10743801652892562,450.9459405976655
"Centennial Hills, Las Vegas, NV",760,0.8697368421052631,43079653.22357746,41.46578947368421,3.6473684210526316,1.6917293233082706,0.08026315789473684,176.41739037584745
"Sunrise Manor, Las Vegas, NV",744,0.8924731182795699,90557378.1298586,17.475806451612904,3.377688172043011,1.5275590551181102,0.08064516129032258,82.1578556451921
"Maryvale, Phoenix, AZ",737,0.9280868385345997,82661318.55310057,16.887381275440976,3.2917232021709633,1.5099502487562189,0.08819538670284939,89.15899394062541
"South Mountain, Phoenix, AZ",693,0.8932178932178932,103633424.55136612,25.59018759018759,3.5007215007215007,1.5681818181818181,0.05772005772005772,66.8703174675573
"Buffalo, Las Vegas, NV",661,0.8366111951588502,10836266.199147243,36.553706505295004,3.8978819969742813,1.6734693877551021,0.04236006051437216,609.9887063055144
"Desert View, Phoenix, AZ",608,0.8141447368421053,165850372.3976552,38.55592105263158,3.7615131578947367,1.9261363636363635,0.1513157894736842,36.65954988284343
"Capitol, Madison, WI",607,0.7166392092257001,2555665.3034056346,45.31795716639209,3.698517298187809,1.7550200803212852,0.35090609555189456,2375.1153924229534
"Central Business District, Pittsburgh, PA",601,0.7953410981697171,1803374.5670553532,38.051580698835274,3.610648918469218,1.8156682027649769,0.22129783693843594,3332.6409886180495
"Downtown, Cleveland, OH",580,0.803448275862069,8485533.53958471,42.703448275862065,3.5948275862068964,1.8202764976958525,0.3448275862068966,683.5162424310985
"Whitney Ranch, Henderson, NV",577,0.8700173310225303,7521403.433000556,42.4419410745234,3.5086655112651646,1.8081841432225063,0.10051993067590988,767.1440644552875
"Summerlin North, Las Vegas, NV",564,0.8918439716312057,79751313.18791097,34.00709219858156,3.8652482269503547,1.8636363636363635,0.08333333333333333,70.71983864028628
"The Lakes, Las Vegas, NV",469,0.8507462686567164,13000845.225323604,51.211087420042645,3.9488272921108742,1.9277978339350181,0.10660980810234541,360.74577604113125
"Dilworth, Charlotte, NC",451,0.7871396895787139,4829766.921837994,45.23725055432372,3.828159645232816,1.9756838905775076,0.22838137472283815,933.7924734230643
"North Cheyenne, Las Vegas, NV",439,0.8792710706150342,21609517.938305244,29.220956719817767,3.766514806378132,1.6111111111111112,0.05922551252847381,203.15122311073137
"Michael Way, Las Vegas, NV",427,0.8337236533957846,14568257.044608133,25.56440281030445,3.528103044496487,1.5772727272727274,0.07728337236533958,293.10301067074954
"Meadows Village, Las Vegas, NV",426,0.7863849765258216,2577716.82886048,57.81924882629108,3.937793427230047,1.897119341563786,0.13615023474178403,1652.6252815299342
"Downtown Charlotte, Charlotte, NC",416,0.8004807692307693,3485505.1829787763,41.08653846153846,3.6466346153846154,1.7686832740213523,0.27163461538461536,1193.5142200663113
"Desert Shores, Las Vegas, NV",408,0.8995098039215687,7410594.343492067,28.40686274509804,3.4963235294117645,1.8596491228070176,0.04411764705882353,550.5631277176881
"Green Valley Ranch, Henderson, NV",403,0.858560794044665,8308548.362939486,45.97518610421836,4.0012406947890815,1.8766519823788546,0.13895781637717122,485.0426120134208
"Southside Flats, Pittsburgh, PA",387,0.7648578811369509,2552011.7503752345,35.24547803617571,3.6808785529715764,1.7747440273037542,0.2868217054263566,1516.4506979370199
"Lone Mountain, Las Vegas, NV",382,0.9031413612565445,27022315.098421026,28.876963350785342,3.8403141361256545,1.6012269938650308,0.05759162303664921,141.36464570436496
"Gibson Springs, Henderson, NV",356,0.8651685393258427,8754389.048303721,36.20505617977528,3.806179775280899,1.7346938775510203,0.03932584269662921,406.6531633854903
"Winchester, Las Vegas, NV",352,0.8181818181818182,8536654.444420079,38.96022727272727,3.4673295454545454,1.6593406593406594,0.1278409090909091,412.3395204664542
"Green Valley South, Henderson, NV",340,0.8941176470588236,9549389.835807752,25.98235294117647,3.823529411764706,1.7155172413793103,0.03823529411764706,356.0436905875259
"Superstition Springs, Mesa, AZ",336,0.8363095238095238,7416660.4628903875,24.592261904761905,3.4107142857142856,1.7772277227722773,0.11904761904761904,453.0340868119714
"Green Valley North, Henderson, NV",325,0.8369230769230769,14426429.008563913,39.16615384615385,3.683076923076923,1.6714285714285715,0.11076923076923077,225.28097549786668
"Summerlin South, Las Vegas, NV",318,0.9025157232704403,129925562.54644284,67.81446540880503,3.800314465408805,1.9293478260869565,0.16037735849056603,24.475553060340115
"Estrella, Phoenix, AZ",306,0.9444444444444444,91568025.7786555,13.290849673202615,3.2287581699346406,1.4411764705882353,0.02287581699346405,33.41777846556222
"Shadyside, Pittsburgh, PA",301,0.7973421926910299,2383654.431770848,38.87043189368771,3.7093023255813953,2.071111111111111,0.17940199335548174,1262.7669346197265
"Huntridge, Las Vegas, NV",288,0.8541666666666666,6515345.133664519,35.375,3.623263888888889,1.5918367346938775,0.10416666666666667,442.0333751959139
"Cultural Corridor, Las Vegas, NV",268,0.8097014925373134,4792694.703815023,18.30223880597015,3.6063432835820897,1.9,0.08955223880597014,559.1843765609977
"MacDonald Ranch, Henderson, NV",254,0.8346456692913385,16582691.544402694,41.42125984251968,3.9035433070866143,1.811965811965812,0.0984251968503937,153.17175702139554
"Ohio City - West Side, Cleveland, OH",242,0.8512396694214877,5154602.293469292,50.52066115702479,3.9607438016528924,1.608695652173913,0.24380165289256198,469.48335918487027
"Fourth Ward, Charlotte, NC",238,0.7563025210084033,703200.9104996424,32.10084033613445,3.6365546218487395,1.7730496453900708,0.24369747899159663,3384.5234903193577
"Dobson Ranch, Mesa, AZ",225,0.8311111111111111,7355915.5083722165,29.786666666666665,3.7066666666666666,1.6666666666666667,0.08888888888888889,305.8762702533951
"Squirrel Hill South, Pittsburgh, PA",217,0.8341013824884793,6976592.64030941,38.10138248847926,3.707373271889401,1.7161290322580645,0.12903225806451613,311.0400896079495
"East Las Vegas, Las Vegas, NV",215,0.9441860465116279,8744988.475943353,14.07906976744186,3.667441860465116,1.5192307692307692,0.04186046511627907,245.85509814157552
"Barclay Downs, Charlotte, NC",215,0.8232558139534883,4456621.593335903,38.85116279069767,3.672093023255814,2.2701149425287355,0.15813953488372093,482.42821495433856
"Strip District, Pittsburgh, PA",211,0.7725118483412322,1754492.3735387682,59.29383886255924,4.002369668246446,1.70625,0.22748815165876776,1202.6270571608022
"Madison Park, Charlotte, NC",202,0.8267326732673267,4319855.0411769515,33.32673267326733,3.6732673267326734,1.7887323943661972,0.21287128712871287,467.60828332092547
"Midway, Henderson, NV",201,0.9054726368159204,7134409.5915041985,23.1592039800995,3.86318407960199,1.6590909090909092,0.03482587064676617,281.7331937871284
"Laveen, Phoenix, AZ",194,0.8814432989690721,79840970.98064713,17.0,3.283505154639175,1.5701754385964912,0.07216494845360824,24.298301688618515
"Ballantyne West, Charlotte, NC",193,0.8393782383419689,10061141.83572949,29.932642487046632,3.5595854922279795,1.8064516129032258,0.19689119170984457,191.8271336903446
"Bloomfield, Pittsburgh, PA",193,0.8290155440414507,1812473.1486255291,31.54922279792746,3.6865284974093266,1.5352112676056338,0.17098445595854922,1064.843361383641
"East Forest, Charlotte, NC",191,0.7801047120418848,9568224.995403647,15.916230366492147,3.4764397905759163,1.6875,0.11518324607329843,199.61905169637208
"Townsite, Henderson, NV",183,0.8633879781420765,9033191.008465396,22.404371584699454,3.5273224043715845,1.5454545454545454,0.11475409836065574,202.586217681551
"Elizabeth, Charlotte, NC",176,0.8011363636363636,3026052.2738170004,42.15340909090909,3.8806818181818183,1.790909090909091,0.2159090909090909,581.6158614404807
"Mount Lebanon, Pittsburgh, PA",174,0.8563218390804598,15680473.230827922,23.54597701149425,3.7614942528735633,1.896,0.1896551724137931,110.96603874040916
"Val Vista Lakes, Gilbert, AZ",169,0.8875739644970414,3227600.892927455,35.414201183431956,3.7928994082840237,1.6794871794871795,0.0650887573964497,523.608728608065
"Oakland, Pittsburgh, PA",167,0.7604790419161677,2112850.6304013054,35.221556886227546,3.622754491017964,1.4191176470588236,0.16167664670658682,790.4013544406628
"Sunrise, Las Vegas, NV",158,0.8987341772151899,5374702.774236763,19.050632911392405,3.329113924050633,1.494949494949495,0.06329113924050633,293.96974425704286
"Tremont, Cleveland, OH",152,0.7894736842105263,6998192.011898899,56.078947368421055,3.8322368421052633,1.7563025210084033,0.3026315789473684,217.19895616118728
"Valley View, Henderson, NV",152,0.8486842105263158,8107767.319944377,22.723684210526315,3.4342105263157894,1.4558823529411764,0.039473684210526314,187.47454632312116
"University District, Cleveland, OH",148,0.7837837837837838,4041636.578361089,43.310810810810814,3.668918918918919,1.7256637168141593,0.34459459459459457,366.18829310975553
"Whitney, Las Vegas, NV",136,0.9264705882352942,17845403.64443204,24.602941176470587,3.4191176470588234,1.6140350877192982,0.10294117647058823,76.21010020831525
"North Oakland, Pittsburgh, PA",135,0.8592592592592593,1291951.0094902748,38.63703703703704,3.6592592592592594,1.4948453608247423,0.13333333333333333,1044.9312629374606
"Charlotte Douglas International Airport, Charlotte, NC",133,0.9398496240601504,17254795.53157435,50.1578947368421,2.8496240601503757,1.7590361445783131,0.21804511278195488,77.08002088846828
"First Ward, Charlotte, NC",132,0.7878787878787878,1144554.1703603177,52.734848484848484,3.840909090909091,1.9325842696629214,0.3939393939393939,1153.2874844922806
"Provincetowne, Charlotte, NC",130,0.8769230769230769,10296289.11276184,21.076923076923077,3.7807692307692307,1.9382716049382716,0.14615384615384616,126.25908089436822
"North Gateway, Phoenix, AZ",129,0.9224806201550387,112719715.01778148,19.25581395348837,3.701550387596899,1.7377049180327868,0.08527131782945736,11.444315662051693
"Old Brooklyn, Cleveland, OH",127,0.84251968503937,14985960.298099052,14.070866141732283,3.6811023622047245,1.5194805194805194,0.07086614173228346,84.7459872265308
"Marquette, Madison, WI",126,0.8015873015873016,1836252.915802142,51.29365079365079,3.9087301587301586,1.8736842105263158,0.373015873015873,686.1799859686465
"University City North, Charlotte, NC",117,0.8205128205128205,1931010.4739796685,27.60683760683761,3.393162393162393,1.6666666666666667,0.23931623931623933,605.900390373708
"Ballantyne East, Charlotte, NC",115,0.8782608695652174,7273893.855951834,23.156521739130437,3.5652173913043477,1.7868852459016393,0.13043478260869565,158.09963999667346
"Pinnacle Peak, Scottsdale, AZ",115,0.808695652173913,158560804.63220832,22.026086956521738,3.9695652173913043,2.1492537313432836,0.1826086956521739,7.2527381698616935
"Freedom Park, Charlotte, NC",114,0.7807017543859649,2089152.6587310543,48.86842105263158,3.758771929824561,1.9069767441860466,0.21052631578947367,545.6757768445858
"Central Lawrenceville, Pittsburgh, PA",114,0.7894736842105263,2529295.3405208457,34.63157894736842,3.93859649122807,1.6785714285714286,0.16666666666666666,450.718420160947
"Montclaire South, Charlotte, NC",114,0.8596491228070176,9693411.806370094,17.859649122807017,3.456140350877193,1.6875,0.10526315789473684,117.60565039141748
"McCullough Hills, Henderson, NV",110,0.8181818181818182,12591295.82666384,37.54545454545455,3.9045454545454548,1.6166666666666667,0.05454545454545454,87.36193757520932
"Rain Tree, Charlotte, NC",108,0.9166666666666666,5599520.479099088,23.75925925925926,3.4444444444444446,1.9186046511627908,0.1574074074074074,192.87365838400544
"North Lake, Charlotte, NC",108,0.9074074074074074,7878129.508183927,23.62037037037037,3.300925925925926,1.8505747126436782,0.2037037037037037,137.0883785139707
"Kamm's Corner, Cleveland, OH",107,0.8504672897196262,10938491.479123903,17.485981308411215,3.7009345794392523,1.5066666666666666,0.17757009345794392,97.81970411935627
"Mesa Grande, Mesa, AZ",105,0.8476190476190476,4440188.319735348,38.42857142857143,3.3047619047619046,1.6714285714285715,0.18095238095238095,236.47645649015715
"Detroit Shoreway, Cleveland, OH",104,0.8557692307692307,5749673.435512581,40.75961538461539,3.9086538461538463,1.8194444444444444,0.2403846153846154,180.8798380750618
"East Liberty, Pittsburgh, PA",103,0.8155339805825242,1500207.209341329,36.90291262135922,3.737864077669903,2.014925373134328,0.1553398058252427,686.5718239363914
"Anthem, Henderson, NV",102,0.7941176470588235,24196737.08852889,19.833333333333332,3.764705882352941,1.96,0.14705882352941177,42.15444405863955
"Foxcroft, Charlotte, NC",98,0.8571428571428571,5483420.372514897,33.01020408163265,3.688775510204082,2.5,0.17346938775510204,178.72056735101933
"Spectrum, Gilbert, AZ",96,0.90625,2112010.309935286,35.927083333333336,3.5520833333333335,1.813953488372093,0.08333333333333333,454.54323564803775
"Reed Park, Mesa, AZ",93,0.8924731182795699,3832061.2296109283,12.075268817204302,4.021505376344086,1.4838709677419355,0.043010752688172046,242.6892328373426
"North Charlotte, Charlotte, NC",92,0.7608695652173914,2360153.334888683,58.93478260869565,4.076086956521739,1.643835616438356,0.358695652173913,389.8051818922993
"The Groves, Mesa, AZ",92,0.9021739130434783,6922401.045596778,12.51086956521739,3.875,1.8333333333333333,0.010869565217391304,132.90186366552632
"Mineral Springs-Rumble Road, Charlotte, NC",92,0.9239130434782609,14459659.693489982,25.184782608695652,3.1902173913043477,1.676056338028169,0.18478260869565216,63.62528714380476
"Commonwealth, Charlotte, NC",92,0.8478260869565217,918716.9953058892,55.81521739130435,3.9782608695652173,1.8032786885245902,0.2608695652173913,1001.396517862047
"Piper Glen Estates, Charlotte, NC",91,0.8461538461538461,9825614.159923883,32.747252747252745,3.489010989010989,1.873015873015873,0.23076923076923078,92.61507577934951
"The Islands, Gilbert, AZ",90,0.7555555555555555,3281222.7406365294,30.855555555555554,3.611111111111111,1.6862745098039216,0.2,274.28799296490536
"University City South, Charlotte, NC",90,0.8,4913225.199978886,25.322222222222223,3.272222222222222,1.8032786885245902,0.15555555555555556,183.17906535280892
"Dormont, Pittsburgh, PA",88,0.875,1914195.8861010943,22.34090909090909,3.8238636363636362,1.6727272727272726,0.14772727272727273,459.7230651207891
"West Las Vegas, Las Vegas, NV",88,0.875,8731688.769000055,22.238636363636363,3.3125,1.5897435897435896,0.056818181818181816,100.78233698895073
"Goodrich-Kirkland Park, Cleveland, OH",86,0.8488372093023255,4252699.319911908,41.24418604651163,3.941860465116279,1.59375,0.13953488372093023,202.22450150033515
"Meyer Park, Tempe, AZ",82,0.8048780487804879,1165239.26587666,47.28048780487805,3.682926829268293,1.62,0.13414634146341464,703.7181324155589
"Black Mountain, Henderson, NV",78,0.8205128205128205,5164478.33625624,18.487179487179485,3.6346153846153846,1.5909090909090908,0.02564102564102564,151.0317110876733
"Schenk-Atwood, Madison, WI",78,0.8461538461538461,1492964.9748708552,46.42307692307692,4.115384615384615,1.639344262295082,0.358974358974359,522.4503006625938
"Downtown East, Las Vegas, NV",74,0.9054054054054054,2685769.0467936466,15.58108108108108,3.75,1.6206896551724137,0.04054054054054054,275.5262969775583
"Kiwanis Park, Tempe, AZ",73,0.7534246575342466,1111368.4830421358,49.19178082191781,3.76027397260274,1.6538461538461537,0.1232876712328767,656.8478512201278
"Tenney-Lapham, Madison, WI",73,0.7534246575342466,1297195.3134606776,27.71232876712329,4.006849315068493,1.8,0.1917808219178082,562.7525727428778
"Rio Vista, Phoenix, AZ",72,0.8611111111111112,70436344.49731074,13.5,3.6875,1.9523809523809523,0.027777777777777776,10.221995549861187
"Riverside, Cleveland, OH",71,0.9154929577464789,11394457.317529453,28.619718309859156,3.0211267605633805,1.75,0.16901408450704225,62.3109973748133
"Plaza Midwood, Charlotte, NC",71,0.8591549295774648,2832323.5398968817,51.84507042253521,3.943661971830986,1.6,0.19718309859154928,250.67757620156965
"Yorkshire, Charlotte, NC",69,0.8695652173913043,10459572.559186427,24.89855072463768,3.3840579710144927,1.8392857142857142,0.2463768115942029,65.96827892302225
"Tempe Gardens, Tempe, AZ",68,0.8676470588235294,659455.062711684,23.191176470588236,4.25,1.588235294117647,0.014705882352941176,1031.154415895808
"Squirrel Hill North, Pittsburgh, PA",68,0.8676470588235294,3166622.121700277,28.852941176470587,3.8088235294117645,1.7555555555555555,0.029411764705882353,214.73986281472787
"Prosperity Church Road, Charlotte, NC",68,0.8676470588235294,15035327.40737244,14.705882352941176,3.3088235294117645,1.6428571428571428,0.08823529411764706,45.22681692096496
"Myers Park, Charlotte, NC",68,0.8235294117647058,8947096.147854924,29.205882352941178,3.8970588235294117,2.2142857142857144,0.16176470588235295,76.00231279095293
"Amberwood North, Chandler, AZ",68,0.7352941176470589,2188983.155036083,24.676470588235293,3.2720588235294117,1.6097560975609757,0.04411764705882353,310.6465202509934
"Sheep Mountain, Las Vegas, NV",68,0.8235294117647058,20892158.08532156,31.514705882352942,3.9558823529411766,1.7317073170731707,0.029411764705882353,32.548097579146464
"York Road, Charlotte, NC",67,0.9253731343283582,1761109.3433780663,32.80597014925373,3.5671641791044775,1.5416666666666667,0.2537313432835821,380.4420222510668
"Eagle Lake, Charlotte, NC",67,0.9104477611940298,15496009.882361813,24.91044776119403,3.328358208955224,1.5277777777777777,0.08955223880597014,43.236936804139575
"Lower Lawrenceville, Pittsburgh, PA",66,0.8636363636363636,1130438.062843674,65.01515151515152,4.151515151515151,1.9,0.21212121212121213,583.8444596776374
"Ocotillo, Chandler, AZ",66,0.8181818181818182,4555196.56159295,39.59090909090909,3.75,1.8125,0.19696969696969696,144.88946658521326
"Twin Lakes, Las Vegas, NV",66,0.8333333333333334,4973400.004643902,15.878787878787879,3.4393939393939394,1.4074074074074074,0.030303030303030304,132.70599577426435
"Beverly Woods, Charlotte, NC",65,0.8307692307692308,5090122.705834097,21.138461538461538,3.6,2.0,0.046153846153846156,127.69829679253031
"Brookline, Pittsburgh, PA",63,0.7936507936507936,5392070.917090213,19.49206349206349,3.7698412698412698,1.4651162790697674,0.07936507936507936,116.8382259222908
"Jefferson, Cleveland, OH",63,0.7936507936507936,6611120.995419341,19.38095238095238,3.6031746031746033,1.525,0.1111111111111111,95.29397517251752
"Edgewater, Cleveland, OH",62,0.7096774193548387,2422470.838905809,22.903225806451612,3.596774193548387,1.6470588235294117,0.3064516129032258,255.93703339687838
"Olde Whitehall, Charlotte, NC",62,0.8387096774193549,4029943.4112324617,26.677419354838708,3.161290322580645,1.4893617021276595,0.12903225806451613,153.84831416538125
"Mallard Creek - Withrow Downs, Charlotte, NC",61,0.8524590163934426,6999775.275377193,22.360655737704917,3.459016393442623,1.711111111111111,0.09836065573770492,87.1456548249157
"Gilbert Ranch, Gilbert, AZ",60,0.8,1193792.4067742862,38.36666666666667,3.841666666666667,1.794871794871795,0.08333333333333333,502.59994668691485
"Harris-Houston, Charlotte, NC",59,0.8983050847457628,8071038.305332766,15.711864406779661,3.1271186440677967,1.5384615384615385,0.03389830508474576,73.10087967370569
"Cotswold, Charlotte, NC",59,0.8135593220338984,3448912.3661823394,22.610169491525422,3.4491525423728815,1.794871794871795,0.22033898305084745,171.06842313105253
"Whiteoak, Charlotte, NC",59,0.7966101694915254,2614537.911343949,33.33898305084746,3.8813559322033897,2.0303030303030303,0.23728813559322035,225.66129083082325
"Cherry, Charlotte, NC",59,0.8983050847457628,699693.0820854125,32.28813559322034,3.7033898305084745,1.8043478260869565,0.15254237288135594,843.226859184493
"Greenfield, Pittsburgh, PA",58,0.8103448275862069,2003975.39882616,18.103448275862068,3.793103448275862,1.5,0.1206896551724138,289.4247106724655
"Carmel, Charlotte, NC",58,0.8275862068965517,6963725.742043889,17.637931034482758,3.603448275862069,1.9696969696969697,0.10344827586206896,83.28874821968031
"College Downs, Charlotte, NC",57,0.7894736842105263,4093948.4935088577,17.57894736842105,3.289473684210526,1.868421052631579,0.15789473684210525,139.22989038669172
"Upper Lawrenceville, Pittsburgh, PA",57,0.7719298245614035,1159932.8302815529,34.03508771929825,4.0964912280701755,1.8444444444444446,0.14035087719298245,491.40776527692793
"Augusta Ranch, Mesa, AZ",56,0.8928571428571429,2592151.961608581,20.553571428571427,3.517857142857143,1.5454545454545454,0.07142857142857142,216.03671709604845
"Alta Mesa, Mesa, AZ",56,0.8928571428571429,3859797.7598108468,27.660714285714285,3.6339285714285716,1.5806451612903225,0.08928571428571429,145.0853217831401
"North Collinwood, Cleveland, OH",56,0.8571428571428571,8369698.303611098,18.160714285714285,3.794642857142857,1.5333333333333334,0.3392857142857143,66.90802699045777
"Lake Las Vegas, Henderson, NV",56,0.5892857142857143,12460695.595473925,41.232142857142854,3.6964285714285716,2.125,0.2857142857142857,44.94131131839925
"Johnston Rd.-McAlpine, Charlotte, NC",55,0.9090909090909091,4804676.008574858,21.6,3.7363636363636363,1.8518518518518519,0.2,114.47181849898314
"Central, Cleveland, OH",55,0.8727272727272727,5968269.414041863,15.145454545454545,3.463636363636364,1.3823529411764706,0.2,92.15401682537755
"Eastway-Sheffield Park, Charlotte, NC",55,0.8909090909090909,3678724.2540259636,19.327272727272728,3.309090909090909,1.368421052631579,0.2727272727272727,149.5083518146501
"South Campus, Madison, WI",54,0.8888888888888888,458063.0140376811,18.962962962962962,3.564814814814815,1.6666666666666667,0.24074074074074073,1178.8771052263535
"Closeburn-Glenkirk, Charlotte, NC",54,0.9259259259259259,3577970.679918293,29.85185185185185,3.5185185185185186,1.5294117647058822,0.09259259259259259,150.92353971227385
"Junction Ridge, Madison, WI",54,0.8333333333333334,1901866.8984020776,23.40740740740741,3.7777777777777777,1.7692307692307692,0.16666666666666666,283.9315413995062
"South Shore, Pittsburgh, PA",53,0.7924528301886793,719872.5970442159,43.528301886792455,3.4150943396226414,1.972972972972973,0.39622641509433965,736.2413879569393
"Buckeye Shaker, Cleveland, OH",53,0.8113207547169812,3017263.3730774843,29.92452830188679,3.660377358490566,2.0,0.33962264150943394,175.65586243782948
"North Shore, Pittsburgh, PA",52,0.8846153846153846,910005.182148793,59.63461538461539,3.4134615384615383,2.0833333333333335,0.5,571.425317350529
"Sterling, Charlotte, NC",52,0.8653846153846154,3326974.2290619304,18.057692307692307,3.0961538461538463,1.8214285714285714,0.019230769230769232,156.29817491751916
"Maple-Ash, Tempe, AZ",51,0.6666666666666666,405110.1322843003,60.372549019607845,3.7450980392156863,1.5675675675675675,0.0784313725490196,1258.9169200095187
"North Sharon Amity, Charlotte, NC",51,0.7450980392156863,4180966.7025706405,10.803921568627452,3.372549019607843,1.6,0.13725490196078433,121.98135892506147
"Vilas, Madison, WI",50,0.78,819289.5793682445,37.06,3.93,1.9487179487179487,0.26,610.2848279671161
"West Henderson, Henderson, NV",50,0.92,45862484.87097974,103.24,4.03,1.9545454545454546,0.26,10.902156771631523
"Providence Crossing, Charlotte, NC",50,0.76,5863617.00056993,16.26,3.42,1.903225806451613,0.22,85.2715994157533
"Gilbert Commons, Gilbert, AZ",50,0.96,626842.5054453922,30.78,3.65,1.8333333333333333,0.08,797.6485251981015
"West Sugar Creek-W T Harris Bl, Charlotte, NC",49,0.8367346938775511,6508089.929135246,16.877551020408163,3.2551020408163267,1.6071428571428572,0.061224489795918366,75.2909079830598
"Paradise Hills, Henderson, NV",49,0.9183673469387755,6992681.141866506,24.142857142857142,3.7551020408163267,1.4705882352941178,0.08163265306122448,70.07326518383303
"Collingwood, Charlotte, NC",49,0.8571428571428571,1838457.5710838498,22.244897959183675,3.8469387755102042,1.6818181818181819,0.08163265306122448,266.5277718164167
"Eastover, Charlotte, NC",49,0.8367346938775511,1956080.327623249,35.285714285714285,3.9489795918367347,2.081081081081081,0.2653061224489796,250.50096004767778
"Wilmore, Charlotte, NC",48,0.7708333333333334,1697308.8794567112,32.25,3.8645833333333335,1.9259259259259258,0.1875,282.8006179721645
"Providence Park, Charlotte, NC",48,0.9166666666666666,1797995.6013274924,34.6875,3.6979166666666665,1.8,0.20833333333333334,266.9639456545986
"Mayfair Park, Madison, WI",48,0.875,1436344.2459099516,13.6875,3.625,1.9,0.08333333333333333,334.18172653722775
"Mount Washington, Pittsburgh, PA",47,0.9148936170212766,2943058.6488972637,42.702127659574465,3.627659574468085,1.8055555555555556,0.3617021276595745,159.6978028881975
"Highland Creek, Charlotte, NC",47,0.851063829787234,10214024.90959428,16.72340425531915,3.4148936170212765,1.7,0.1702127659574468,46.01516093411106
"Ashley Park, Charlotte, NC",47,0.9148936170212766,3964957.5788683393,26.893617021276597,3.4468085106382977,1.4230769230769231,0.0425531914893617,118.5384687354323
"The Provinces, Chandler, AZ",45,0.9333333333333333,2340492.750135501,16.244444444444444,4.111111111111111,1.5263157894736843,0.044444444444444446,192.26720526006656
"Idlewild South, Charlotte, NC",44,0.9318181818181818,5271580.378505112,17.772727272727273,3.3863636363636362,1.45,0.022727272727272728,83.4664310145211
"Greenbush, Madison, WI",44,0.8181818181818182,726320.194675745,31.59090909090909,3.590909090909091,1.7666666666666666,0.29545454545454547,605.7934272314038
"Historic Avondale, Avondale, AZ",44,0.8409090909090909,2215255.1111116204,21.0,4.136363636363637,1.25,0.022727272727272728,198.6227219578367
"Puritas-Longmead, Cleveland, OH",44,0.9772727272727273,10269860.006323984,11.636363636363637,3.6136363636363638,1.2173913043478262,0.06818181818181818,42.8438167345082
"McClintock, Tempe, AZ",43,0.7209302325581395,635849.6780966654,49.51162790697674,3.63953488372093,1.6896551724137931,0.09302325581395349,676.2604666045438
"Sardis Woods, Charlotte, NC",43,0.813953488372093,4384966.361640355,15.488372093023257,3.616279069767442,1.4583333333333333,0.046511627906976744,98.0623258051957
"Henderson Circle, Charlotte, NC",43,0.9069767441860465,7036043.839096173,9.30232558139535,3.488372093023256,1.6,0.0,61.11388868993124
"Dudgeon-Monroe, Madison, WI",43,0.8372093023255814,1278080.9766091541,37.51162790697674,3.9186046511627906,1.903225806451613,0.2558139534883721,336.44190616217656
"Sun Lakes, Chandler, AZ",42,0.8809523809523809,15564693.881707454,13.666666666666666,3.5476190476190474,1.85,0.09523809523809523,26.98414778935092
"Bay Creek, Madison, WI",42,0.7857142857142857,1561452.6339747203,32.26190476190476,3.8095238095238093,1.793103448275862,0.14285714285714285,268.9803013306132
"Downtown, Concord, NC",42,0.8095238095238095,257518.05867818004,15.785714285714286,4.035714285714286,1.5,0.21428571428571427,1630.953581103504
"Dobson Woods, Mesa, AZ",42,0.7857142857142857,1340471.282594903,29.357142857142858,3.4166666666666665,1.3928571428571428,0.11904761904761904,313.3226391743046
"Browns Road, Charlotte, NC",42,0.8809523809523809,4225714.449407725,21.976190476190474,3.5714285714285716,1.5185185185185186,0.14285714285714285,99.39147688004974
"The Traditions, Chandler, AZ",41,0.926829268292683,1365747.1575158976,11.365853658536585,4.2560975609756095,2.2,0.0,300.20197936617524
"Pittman, Henderson, NV",40,0.925,13875646.983839808,12.925,3.9375,1.25,0.025,28.827484618616896
"Golden Hills, Mesa, AZ",40,0.95,1757882.1250396925,21.4,4.0,1.826086956521739,0.1,227.54654268469116
"Power Ranch, Gilbert, AZ",40,0.975,5598583.280233012,8.975,3.7875,1.75,0.0,71.44664640647305
"Beechview, Pittsburgh, PA",40,0.725,3813168.6893306193,20.225,3.875,1.391304347826087,0.15,104.89963402857423
"Escalante, Tempe, AZ",40,0.625,1500391.2503994491,23.85,4.0125,1.4074074074074074,0.175,266.5971291778115
"Carino Estates, Chandler, AZ",40,0.875,1267447.4523282093,27.025,3.725,1.7777777777777777,0.15,315.594937892872
"Greater Corona Village, Chandler, AZ",39,0.7435897435897436,527628.948953748,35.35897435897436,3.871794871794872,1.5714285714285714,0.1282051282051282,739.1558040424871
"Foothills, Henderson, NV",39,0.9230769230769231,20282348.836418245,12.333333333333334,3.9743589743589745,1.6666666666666667,0.02564102564102564,19.228542174549837
"Sedgefield, Charlotte, NC",39,0.9230769230769231,1979126.3987868063,16.46153846153846,3.8333333333333335,1.5454545454545454,0.07692307692307693,197.05664086895504
"Yorkmount, Charlotte, NC",39,0.8974358974358975,10730651.589006916,11.307692307692308,3.1794871794871793,1.5263157894736843,0.10256410256410256,36.34448446723757
"Las Sendas, Mesa, AZ",38,0.7105263157894737,8933823.181438504,31.157894736842106,3.9342105263157894,1.88,0.2894736842105263,42.534981080609796
"Sugaw Creek-Ritch Ave, Charlotte, NC",38,0.9210526315789473,5743585.43424429,8.31578947368421,3.4210526315789473,1.4782608695652173,0.07894736842105263,66.16076392532992
"Powell Estates, Mesa, AZ",38,0.8421052631578947,631197.3982501186,25.07894736842105,3.6447368421052633,1.5,0.07894736842105263,602.0303649119621
"Greenville, Charlotte, NC",38,0.631578947368421,938795.8219226105,35.78947368421053,3.526315789473684,1.962962962962963,0.6578947368421053,404.7738508483959
"Shamrock Estates, Gilbert, AZ",38,0.9210526315789473,1413730.5378372688,20.710526315789473,3.960526315789474,1.6956521739130435,0.07894736842105263,268.79238286903364
"Royal Palms, Mesa, AZ",38,0.8421052631578947,648592.9827182251,15.5,3.763157894736842,1.4545454545454546,0.0,585.8836128744972
"Northpointe, Mesa, AZ",38,0.9210526315789473,648980.5203596711,17.736842105263158,3.8552631578947367,1.625,0.0,585.5337534467143
"Starmount, Charlotte, NC",38,0.9210526315789473,2248490.802160162,12.657894736842104,3.776315789473684,1.4583333333333333,0.07894736842105263,169.00224792333051
"Regent, Madison, WI",38,0.7631578947368421,1535851.571378479,27.13157894736842,3.723684210526316,1.7,0.2631578947368421,247.41974229901467
"Fiesta Park Village, Mesa, AZ",37,0.7567567567567568,716278.8907355589,40.0,3.445945945945946,1.5,0.1891891891891892,516.5585706707631
"Silk Stocking, Chandler, AZ",37,0.8648648648648649,162529.24478979092,15.675675675675675,4.351351351351352,1.625,0.0,2276.513377506576
"River Mountain, Henderson, NV",36,0.8611111111111112,14931703.44021501,23.055555555555557,3.9305555555555554,1.7058823529411764,0.2222222222222222,24.109774309502104
"El Dorado Lakes, Gilbert, AZ",36,0.8888888888888888,1593629.6909591546,18.22222222222222,4.027777777777778,1.6363636363636365,0.0,225.89940564129898
"Higley Park, Gilbert, AZ",36,0.8888888888888888,634675.5626235484,27.63888888888889,3.9027777777777777,1.7777777777777777,0.05555555555555555,567.2189401965843
"Cottonwoods Crossing, Gilbert, AZ",36,0.8888888888888888,659167.2526096462,28.61111111111111,4.166666666666667,1.7692307692307692,0.1388888888888889,546.143635890221
"Tule Springs, Las Vegas, NV",36,0.9444444444444444,19210673.99754342,28.916666666666668,3.9027777777777777,1.7272727272727273,0.08333333333333333,18.73958196604842
"C.A.N.D.O., Mesa, AZ",35,0.8285714285714286,618985.8669170459,30.542857142857144,3.914285714285714,1.368421052631579,0.05714285714285714,565.4410200724432
"Optimist Park NW, Tempe, AZ",35,0.7428571428571429,590230.705493571,46.94285714285714,3.7142857142857144,1.5,0.2571428571428571,592.9884649212178
"Alegre Community, Tempe, AZ",35,0.7714285714285715,637419.976065814,45.08571428571429,3.7714285714285714,1.6,0.05714285714285714,549.0885336857756
"Southside Park, Charlotte, NC",35,0.9428571428571428,1418556.9142044869,16.457142857142856,3.9857142857142858,1.6923076923076923,0.0,246.7296140855065
"Lake Edge, Madison, WI",35,0.7714285714285715,1881242.2693680918,18.34285714285714,3.914285714285714,1.4285714285714286,0.22857142857142856,186.0472761530947
"Kyle Canyon, Las Vegas, NV",35,0.8571428571428571,13698350.152861558,24.65714285714286,3.642857142857143,1.6666666666666667,0.0,25.5505222230639
"Kleinman Park, Mesa, AZ",35,0.9428571428571428,859452.597552461,8.82857142857143,3.2857142857142856,1.75,0.0,407.2359557661771
"McClintock Manor, Tempe, AZ",34,0.8235294117647058,324976.93983566674,25.441176470588236,3.5294117647058822,1.6,0.029411764705882353,1046.2280805891337
"Steele Creek, Charlotte, NC",34,0.9705882352941176,13820845.002186636,22.029411764705884,3.5588235294117645,1.6111111111111112,0.14705882352941177,24.600521888944392
"Banksville, Pittsburgh, PA",34,0.7647058823529411,2555211.2790137413,18.5,3.25,1.6956521739130435,0.14705882352941177,133.06140388173026
"Briarcreek-Woodland, Charlotte, NC",34,0.8823529411764706,2114294.1440008082,29.294117647058822,3.4558823529411766,1.5217391304347827,0.17647058823529413,160.8101696562567
"College Park, North Las Vegas, NV",34,0.8823529411764706,2647080.714274905,18.823529411764707,2.985294117647059,1.588235294117647,0.11764705882352941,128.44338223858566
"Ocotillo Lakes, Chandler, AZ",34,0.9117647058823529,867090.0462210549,12.294117647058824,3.7205882352941178,2.076923076923077,0.0,392.11613774346205
"Sherman, Madison, WI",33,0.8484848484848485,1407931.5508975668,18.87878787878788,3.515151515151515,2.0,0.21212121212121213,234.38639455847309
"Echo Hills, Charlotte, NC",33,0.9090909090909091,1007103.2252855892,15.666666666666666,3.9242424242424243,2.0,0.12121212121212122,327.6724686353976
"Hughes Acres, Tempe, AZ",33,0.8484848484848485,694126.0821779378,28.87878787878788,3.712121212121212,1.4761904761904763,0.06060606060606061,475.4179513966242
"East Allegheny, Pittsburgh, PA",33,0.9393939393939394,594333.0602314554,32.57575757575758,3.878787878787879,1.5172413793103448,0.21212121212121213,555.2442259757277
"Seville, Gilbert, AZ",32,1.0,6078484.681373637,13.59375,3.84375,1.7692307692307692,0.09375,52.64469958780669
"Riverside, Tempe, AZ",32,0.78125,653069.3594206416,119.71875,3.265625,1.6818181818181819,0.34375,489.9938963357308
"High Crossing, Madison, WI",32,0.84375,2852706.179919978,13.21875,3.375,1.8888888888888888,0.0625,112.17418823307501
"Summer Place Village, Mesa, AZ",32,0.96875,2099692.657505772,25.4375,3.640625,1.7777777777777777,0.09375,152.4032571415135
"Hidden Valley, Charlotte, NC",32,0.90625,6155209.861066205,7.6875,3.140625,1.3571428571428572,0.0625,51.98847922702178
"Larimer, Pittsburgh, PA",31,0.9032258064516129,1152177.8751722341,24.419354838709676,3.7096774193548385,1.9375,0.06451612903225806,269.05567853718713
"Central Northside, Pittsburgh, PA",31,0.8709677419354839,675147.1504397836,26.35483870967742,4.161290322580645,1.5,0.0967741935483871,459.15916226272947
"Fairfax, Cleveland, OH",31,0.9354838709677419,3600815.109771428,21.70967741935484,3.467741935483871,1.7142857142857142,0.0967741935483871,86.0916183001904
"Third Ward, Charlotte, NC",31,0.8064516129032258,1242417.9074327708,20.419354838709676,3.225806451612903,1.6666666666666667,0.22580645161290322,249.5134673650658
"Carrick, Pittsburgh, PA",30,0.8666666666666667,4322103.367019399,7.866666666666666,3.6,1.4285714285714286,0.0,69.41064905786496
"NTNA - West Rio, Tempe, AZ",30,0.6666666666666666,310427.4249654092,35.333333333333336,3.566666666666667,1.85,0.2,966.409459581185
"Estate La Colina, Tempe, AZ",30,0.8666666666666667,630702.2021039124,45.733333333333334,3.8666666666666667,1.8333333333333333,0.06666666666666667,475.6603021192131
"Plaza-Eastway, Charlotte, NC",30,0.9,6928870.307600724,24.366666666666667,3.3666666666666667,1.5789473684210527,0.2,43.29710135733247
"Concord Village, Mesa, AZ",30,0.7333333333333333,239293.84264329358,35.03333333333333,3.8666666666666667,1.625,0.1,1253.6887564098288
"Cobblecreek, Gilbert, AZ",30,0.6666666666666666,161335.91569368186,39.93333333333333,3.85,1.5714285714285714,0.16666666666666666,1859.4743688044682
"San Tan Ranch, Gilbert, AZ",30,1.0,2153208.5615463112,16.466666666666665,3.716666666666667,2.0,0.0,139.32695854811072
"Providence Plantation, Charlotte, NC",29,0.7586206896551724,10609654.714301918,15.206896551724139,3.9827586206896552,1.5714285714285714,0.20689655172413793,27.33359452396478
"Garfield, Pittsburgh, PA",29,0.7586206896551724,1222584.8939326182,46.48275862068966,4.120689655172414,1.65,0.1724137931034483,237.2023418898738
"West Boulevard, Cleveland, OH",29,0.7586206896551724,3953349.960082218,10.517241379310345,3.8448275862068964,1.3333333333333333,0.10344827586206896,73.35550935995782
"Dava-Lakeshore, Tempe, AZ",29,0.9655172413793104,663809.5946494902,13.10344827586207,4.310344827586207,1.4444444444444444,0.034482758620689655,436.87226327773703
"Shalimar, Tempe, AZ",29,0.896551724137931,637235.8752913917,14.448275862068966,4.155172413793103,2.0,0.034482758620689655,455.09051082127223
"Lindsay Estates, Gilbert, AZ",28,0.6071428571428571,323927.0772723465,14.178571428571429,3.75,1.7692307692307692,0.07142857142857142,864.392079716713
"Oakhurst, Charlotte, NC",28,0.6785714285714286,2280784.9893392464,11.785714285714286,3.8035714285714284,1.4761904761904763,0.25,122.76475042968309
"Sonoran Vista, Gilbert, AZ",28,0.9285714285714286,324155.57860144565,16.5,3.892857142857143,1.5,0.0,863.7827589086918
"Southern Manor I and II, Mesa, AZ",28,0.9285714285714286,473465.32906516327,16.571428571428573,3.5714285714285716,1.5263157894736843,0.03571428571428571,591.3843798295597
"Olde Providence South, Charlotte, NC",27,0.8518518518518519,6151779.440602803,17.074074074074073,3.759259259259259,2.0,0.18518518518518517,43.88973996986198
"Brentwood-Cavalier, Tempe, AZ",27,0.8888888888888888,323865.7174126919,19.85185185185185,3.7777777777777777,1.4615384615384615,0.0,833.6788535600003
"Oak Forest, Charlotte, NC",27,0.9259259259259259,3580326.5195132964,10.074074074074074,3.185185185185185,1.3125,0.07407407407407407,75.41211633309449
"Becton Park, Charlotte, NC",27,0.8518518518518519,4917782.1745364135,14.25925925925926,3.2037037037037037,1.619047619047619,0.1111111111111111,54.902797728216214
"Arrowhead Meadows, Chandler, AZ",27,0.7777777777777778,476234.8270217034,14.148148148148149,3.537037037037037,1.5555555555555556,0.037037037037037035,566.9471963832148
"NTNA - Cavalier Hills, Tempe, AZ",27,0.8888888888888888,260244.4107794863,39.333333333333336,3.7222222222222223,1.6470588235294117,0.037037037037037035,1037.486258364949
"Highland Park, Pittsburgh, PA",26,0.8846153846153846,3034851.5780212726,62.34615384615385,3.9038461538461537,1.8571428571428572,0.19230769230769232,85.67140544300369
"Val Vista Place, Gilbert, AZ",26,0.9230769230769231,575311.8934262511,20.73076923076923,3.8076923076923075,1.6153846153846154,0.038461538461538464,451.92877632266305
"North Shore, Gilbert, AZ",26,0.9615384615384616,552967.7579503256,8.807692307692308,4.288461538461538,2.0,0.038461538461538464,470.19016255800653
"Sunland Village, Mesa, AZ",26,0.8461538461538461,2722756.4133031527,9.076923076923077,3.8653846153846154,1.75,0.07692307692307693,95.49146546112698
"Buckhorn, Mesa, AZ",26,0.9615384615384616,1049604.5338938704,8.76923076923077,3.6538461538461537,1.8,0.0,247.71234460605865
"Moreland, Shaker Heights, OH",26,0.9230769230769231,1208651.6233814005,10.307692307692308,3.1923076923076925,1.625,0.038461538461538464,215.1157496256924
"Downtown, Urbana, IL",26,0.7307692307692307,207552.1210592194,69.73076923076923,3.673076923076923,1.92,0.5,1252.6973883625888
"Starmount Forest, Charlotte, NC",25,0.76,2362354.6326991124,13.12,3.48,1.5454545454545454,0.12,105.82661745174224
"Gililland, Tempe, AZ",25,0.8,648291.0114475648,43.36,4.34,1.411764705882353,0.04,385.6292862086374
"Whitewing at Germann, Gilbert, AZ",25,1.0,314440.0598186856,6.76,4.1,2.0,0.0,795.0640899386567
"Regent Square, Swissvale, PA",25,0.68,210689.66295120577,52.16,3.64,2.0,0.32,1186.5793342594993
"Overbrook, Pittsburgh, PA",25,0.8,2222031.184746949,6.36,3.22,1.3636363636363635,0.04,112.50967210366612
"Coliseum Drive, Charlotte, NC",25,0.8,728427.9740034223,9.08,3.54,1.5,0.12,343.20483139328945
"Bluff, Pittsburgh, PA",24,0.8333333333333334,950652.4418512549,18.083333333333332,3.5625,1.8888888888888888,0.4583333333333333,252.45819548165838
"NTNA - Indian Bend, Tempe, AZ",24,0.6666666666666666,642737.7381965215,30.541666666666668,3.5625,1.6666666666666667,0.16666666666666666,373.4026893666205
"Toddville Road, Charlotte, NC",24,1.0,9094680.383814668,17.166666666666668,3.0625,1.35,0.08333333333333333,26.38905270680161
"Bluff Acres, Madison, WI",24,0.9166666666666666,1792342.8060894278,17.125,2.9375,1.7,0.125,133.90295605539723
"Pepperwood, Tempe, AZ",24,0.6666666666666666,1226467.3224776164,32.583333333333336,3.5208333333333335,1.1764705882352942,0.125,195.68397429062372
"Bainbridge, Chagrin Falls, OH",24,0.875,8971663.360156978,10.291666666666666,3.6875,1.75,0.125,26.750892266626543
"Point Breeze, Pittsburgh, PA",24,0.9166666666666666,2622657.078668351,35.5,3.6875,1.5833333333333333,0.125,91.51024811900287
"Holdeman, Tempe, AZ",24,0.7083333333333334,647582.6139833444,69.08333333333333,3.4583333333333335,1.25,0.08333333333333333,370.60908495324844
"Chaparral Estates, Gilbert, AZ",24,0.7083333333333334,1245833.3937630677,32.0,3.6875,1.5,0.041666666666666664,192.64213112402985
"Mitchell Park West, Tempe, AZ",24,0.625,370674.11547341576,85.45833333333333,4.0,1.6842105263157894,0.20833333333333334,647.4690030445691
"Chateau, Pittsburgh, PA",24,0.9583333333333334,1118516.9249155382,33.583333333333336,3.5416666666666665,1.6363636363636365,0.25,214.56984213101913
"Clark Fulton, Cleveland, OH",24,0.9166666666666666,2609445.7011844465,11.041666666666666,3.6458333333333335,1.6666666666666667,0.125,91.97355587474469
"Highland Hills, Henderson, NV",23,0.9565217391304348,5322740.5477469005,23.130434782608695,3.5434782608695654,1.1428571428571428,0.0,43.210823059440365
"Sussex, Shaker Heights, OH",23,0.6956521739130435,1082955.1555487798,8.565217391304348,3.5652173913043477,1.8235294117647058,0.21739130434782608,212.3818320837571
"Warner Ranch, Chandler, AZ",23,0.8260869565217391,819227.9480006159,46.73913043478261,4.0,1.7647058823529411,0.30434782608695654,280.75214055054073
"Mountain Island, Charlotte, NC",23,0.8260869565217391,5678841.293955654,12.73913043478261,3.239130434782609,1.6111111111111112,0.08695652173913043,40.50121989582688
"Grier Heights, Charlotte, NC",23,1.0,1977989.2746526697,20.47826086956522,3.652173913043478,1.4545454545454546,0.08695652173913043,116.27970027309044
"Brookhill, Charlotte, NC",23,1.0,623113.8501698821,25.82608695652174,4.173913043478261,1.8571428571428572,0.13043478260869565,369.1139266721389
"Villa Heights, Charlotte, NC",23,0.6956521739130435,1115796.2843164734,66.43478260869566,3.9782608695652173,1.6923076923076923,0.08695652173913043,206.13081727628793
"Allegheny West, Pittsburgh, PA",22,0.8636363636363636,295684.4147503328,47.27272727272727,3.9545454545454546,1.588235294117647,0.2727272727272727,744.0365099586378
"Westerly Hills, Charlotte, NC",22,0.9090909090909091,3448911.7792449393,10.227272727272727,2.8863636363636362,1.5333333333333334,0.045454545454545456,63.78823642980048
"Idlewild Farms, Charlotte, NC",22,0.8636363636363636,2633540.9602193013,10.318181818181818,3.5,1.3333333333333333,0.0,83.5377172116131
"Cudell, Cleveland, OH",22,0.6818181818181818,3125838.689428578,8.181818181818182,3.4545454545454546,1.8888888888888888,0.09090909090909091,70.38111107397461
"Eken Park, Madison, WI",22,0.7727272727272727,912561.939042122,39.77272727272727,3.7045454545454546,1.4210526315789473,0.13636363636363635,241.07952631787904
"Northgrove, Mesa, AZ",21,0.8571428571428571,2597518.326435939,35.61904761904762,3.5,1.625,0.14285714285714285,80.84639783394387
"Windmills West, Chandler, AZ",21,0.9523809523809523,675473.3541959552,21.428571428571427,3.9761904761904763,1.5,0.0,310.8930925187596
"Enderly Park, Charlotte, NC",21,0.9523809523809523,2785943.491685,13.476190476190476,3.2857142857142856,1.2857142857142858,0.09523809523809523,75.37841331914001
"Sandahl, Tempe, AZ",21,0.5714285714285714,652922.8592618649,33.95238095238095,3.8333333333333335,2.0,0.19047619047619047,321.63064444918786
"Schenk-Atwood-Starkweather-Yahar, Madison, WI",21,0.8571428571428571,971826.4790871192,15.476190476190476,3.738095238095238,1.6470588235294117,0.14285714285714285,216.08795862123714
"Sunridge, Chandler, AZ",21,0.7619047619047619,209345.10586023593,15.19047619047619,4.095238095238095,1.4166666666666667,0.047619047619047616,1003.1282992600806
"Optimist Park, Charlotte, NC",21,0.7619047619047619,1080631.528716465,32.61904761904762,4.0476190476190474,1.5,0.09523809523809523,194.33080973440633
"Belmont, Charlotte, NC",21,0.8571428571428571,1547074.108114574,48.142857142857146,4.190476190476191,1.8333333333333333,0.19047619047619047,135.7401037859317
"Trilogy, Gilbert, AZ",21,0.8571428571428571,2823179.400323447,12.047619047619047,3.2142857142857144,2.0,0.047619047619047616,74.38422084545554
"Vista del Oro, Gilbert, AZ",21,0.8571428571428571,485641.1344486228,23.571428571428573,3.857142857142857,1.5384615384615385,0.19047619047619047,432.41806573577304
"Corona Village, Chandler, AZ",21,0.7142857142857143,469612.7869462865,40.76190476190476,3.642857142857143,1.5384615384615385,0.09523809523809523,447.1769207255837
"Newell, Charlotte, NC",20,0.85,8133691.339290587,8.35,3.75,1.9,0.15,24.589081593726153
"Plaza-Shamrock, Charlotte, NC",20,0.9,2235679.3620053567,10.65,3.675,1.6,0.15,89.45826642180222
"Val Vista Meadows, Gilbert, AZ",20,0.75,319319.7523195467,26.0,3.75,1.6428571428571428,0.1,626.3314390894863
"Hickory Ridge, Charlotte, NC",20,0.9,6105766.999154722,9.1,3.125,1.2857142857142858,0.05,32.755917483862035
"Encanto, Mesa, AZ",20,0.85,1293328.1588227483,43.7,3.675,1.4,0.2,154.63979395766808
"Wexford Village, Madison, WI",20,0.65,1708404.0358749283,24.55,3.65,1.6875,0.25,117.06832564205084
"Brandon Forest, Charlotte, NC",19,0.8947368421052632,1007797.6609466777,29.210526315789473,3.6578947368421053,1.7333333333333334,0.3684210526315789,188.52990770143577
"Emerson East, Madison, WI",19,0.8947368421052632,1065837.3166318028,15.842105263157896,3.736842105263158,1.5,0.05263157894736842,178.2636027423275
"Hudson Manor, Tempe, AZ",19,0.8947368421052632,338121.21459548146,69.89473684210526,3.8157894736842106,1.5833333333333333,0.10526315789473684,561.9286569383426
"Cooper Commons, Chandler, AZ",19,0.8947368421052632,1938002.1742052159,20.05263157894737,3.710526315789474,1.5454545454545454,0.0,98.03910569807277
"Brighton Heights, Pittsburgh, PA",19,0.8421052631578947,2933041.45607936,9.421052631578947,3.9210526315789473,1.6,0.10526315789473684,64.77917303425224
"Griers Fork, Charlotte, NC",19,0.8947368421052632,4006422.6395868505,13.368421052631579,3.8157894736842106,1.5,0.05263157894736842,47.423853420415256
"Burr Oaks, Madison, WI",19,0.8947368421052632,1263747.9992710014,13.473684210526315,3.736842105263158,1.25,0.10526315789473684,150.3464299129275
"Bridges at Gilbert, Gilbert, AZ",18,0.8333333333333334,2651062.137305216,33.72222222222222,4.166666666666667,1.6666666666666667,0.1111111111111111,67.89731461480137
"South Broadway, Cleveland, OH",18,0.8888888888888888,9246423.71938373,7.166666666666667,3.3333333333333335,1.4,0.1111111111111111,19.466985881542204
"Sidestown/Shankletown, Concord, NC",18,0.8888888888888888,1282395.87705512,27.666666666666668,3.7777777777777777,1.6,0.2222222222222222,140.36227285239724
"Twelve Oaks, Chandler, AZ",18,0.7222222222222222,1619011.9790711198,28.27777777777778,3.75,1.9285714285714286,0.2777777777777778,111.17891796160265
"Western Skies, Gilbert, AZ",18,0.9444444444444444,1162500.5846838413,33.166666666666664,4.444444444444445,2.0,0.1111111111111111,154.83863180073462
"Agritopia, Gilbert, AZ",18,0.9444444444444444,1032495.6465862895,151.27777777777777,4.166666666666667,1.6923076923076923,0.05555555555555555,174.33487549814743
"Clanton Park-Roseland, Charlotte, NC",18,0.8888888888888888,4563808.670586272,18.944444444444443,3.638888888888889,1.7142857142857142,0.0,39.44074193120743
"Oakbridge Community, Madison, WI",18,0.8333333333333334,313012.0700205534,9.11111111111111,3.5,1.8571428571428572,0.16666666666666666,575.0576966191131
"Mercer, Shaker Heights, OH",18,0.7222222222222222,4357942.323171248,17.27777777777778,3.638888888888889,1.9,0.2222222222222222,41.3038968053655
"Pace East II, Mesa, AZ",18,0.8888888888888888,223259.9618225924,13.277777777777779,3.861111111111111,2.0,0.0,806.2350209619414
"Lakeview Trails, Gilbert, AZ",18,0.7222222222222222,1269357.17807352,13.722222222222221,3.7222222222222223,1.5,0.0,141.80405886480486
"Fraser Fields, Mesa, AZ",18,0.7777777777777778,486291.20466353727,13.333333333333334,3.8055555555555554,1.3846153846153846,0.2222222222222222,370.14858231816305
"Glendale, Madison, WI",18,0.8888888888888888,2115483.4295242717,9.055555555555555,3.888888888888889,1.8333333333333333,0.05555555555555555,85.08693449821929
"NTNA - College, Tempe, AZ",18,0.7777777777777778,651595.0446196768,95.27777777777777,3.9166666666666665,1.625,0.16666666666666666,276.245194751385
"Parkwood Ranch, Mesa, AZ",18,1.0,1667837.0535126019,28.833333333333332,3.388888888888889,1.5384615384615385,0.05555555555555555,107.92421215304289
"Madrid, Mesa, AZ",18,1.0,474434.0344329682,9.11111111111111,4.5,,0.0,379.39942528602853
"Lockwood, Charlotte, NC",18,1.0,2148320.088749824,11.777777777777779,3.388888888888889,2.25,0.0,83.78639707491062
"Nuestro, Mesa, AZ",18,1.0,642360.1411898594,10.11111111111111,3.9166666666666665,2.0,0.05555555555555555,280.21663932413617
"Orange Tree, Chandler, AZ",17,0.6470588235294118,443221.6924330169,34.11764705882353,3.7941176470588234,1.6153846153846154,0.058823529411764705,383.55523410148004
"Southmoore, Chandler, AZ",17,0.7647058823529411,320905.0995165611,24.352941176470587,4.088235294117647,1.2727272727272727,0.11764705882352941,529.751631420325
"Kristin Manor, Gilbert, AZ",17,1.0,156153.70371205127,65.3529411764706,4.147058823529412,1.5,0.11764705882352941,1088.6709438123953
"Pheasant Ridge, Tempe, AZ",17,0.9411764705882353,163489.38354652384,26.529411764705884,3.764705882352941,1.5,0.0,1039.8228699151186
"Thomasboro-Hoskins, Charlotte, NC",17,1.0,5944126.400183948,8.647058823529411,3.6176470588235294,1.125,0.058823529411764705,28.59966100228608
"Mission Hills, Henderson, NV",17,0.9411764705882353,9253959.89544914,20.823529411764707,3.5588235294117645,1.6666666666666667,0.058823529411764705,18.370514020014465
"Eastmorland Community, Madison, WI",17,0.9411764705882353,2321472.3796468517,20.294117647058822,3.4705882352941178,1.3846153846153846,0.11764705882352941,73.22938730197636
"Jen Tilly Terrace, Tempe, AZ",17,0.5882352941176471,342216.59905042,39.8235294117647,3.3823529411764706,1.5833333333333333,0.11764705882352941,496.761409211928
"Lagos Vistoso, Chandler, AZ",16,1.0,679347.9846859147,7.75,3.4375,1.5555555555555556,0.0,235.51994501606322
"University Heights, Tempe, AZ",16,0.9375,411123.2373583098,25.875,3.5,1.3333333333333333,0.0,389.17770989566765
"Marilyn Ann, Tempe, AZ",16,1.0,321254.7961210471,56.375,3.8125,1.4166666666666667,0.0625,498.04703908517786
"Community Fiesta, Mesa, AZ",16,1.0,993573.6020624369,9.4375,3.9375,1.2222222222222223,0.0625,161.03487418332747
"Sunset, Tempe, AZ",16,0.9375,634889.2979740809,12.1875,3.5625,2.0,0.0,252.01243824798564
"Farm Pond, Charlotte, NC",16,1.0,3210683.781854505,8.9375,3.09375,1.4,0.0625,49.83362139375286
"Willis Ranch, Chandler, AZ",16,0.8125,476417.95243987185,11.75,3.46875,1.5,0.0,335.83956939614575
"Wendover-Sedgewood, Charlotte, NC",16,0.9375,2496965.5505582346,7.8125,3.375,2.0,0.0,64.0777763090202
"Polish Hill, Pittsburgh, PA",16,0.9375,710109.5731695893,16.9375,3.9375,1.3333333333333333,0.3125,225.3173398097375
"Westchester Gardens, Madison, WI",16,1.0,2207461.9687602427,9.125,2.84375,2.0,0.125,72.48142992463848
"Slater Rd-Hamilton Circle, Charlotte, NC",16,1.0,4316349.604444627,12.5,2.4375,1.4,0.0,37.06835976289895
"Warner Estates, Tempe, AZ",16,0.8125,327335.6466298598,25.4375,4.0625,1.7272727272727273,0.0625,488.79491631084915
"Orchard Ridge Community, Madison, WI",15,0.8666666666666667,2394848.4165025447,13.533333333333333,3.8333333333333335,1.6363636363636365,0.2,62.634444404235474
"Mountainbrook, Charlotte, NC",15,1.0,2633370.69716873,12.6,3.2666666666666666,1.6666666666666667,0.06666666666666667,56.961217105238
"Silverstone Ranch, Gilbert, AZ",15,0.8666666666666667,322442.1408129719,11.933333333333334,3.2666666666666666,1.5454545454545454,0.0,465.19973977906756
"Stonecrest, Mesa, AZ",15,0.9333333333333333,272351.05558958557,13.266666666666667,3.7666666666666666,1.4,0.06666666666666667,550.7597526114962
"Rolling Meadows, Madison, WI",15,0.8,1335582.7044861787,9.866666666666667,3.3333333333333335,1.6666666666666667,0.06666666666666667,112.3105289520109
"Circle G Meadows, Gilbert, AZ",15,0.9333333333333333,471380.48555796273,22.733333333333334,4.5,1.5714285714285714,0.0,318.21427614350284
"Eastland-Wilora Lake, Charlotte, NC",15,0.8,4316294.13662839,7.866666666666666,3.4,1.3333333333333333,0.2,34.752033863283074
"Wesley Heights, Charlotte, NC",15,1.0,1117468.8968471235,49.0,3.6333333333333333,1.7272727272727273,0.4,134.2319239696216
"Leisure World, Mesa, AZ",15,0.9333333333333333,3735145.5682875104,10.4,3.8333333333333335,1.0,0.0,40.159077406124226
"Windsor Park, Charlotte, NC",15,0.9333333333333333,6227913.086298208,25.733333333333334,3.7,1.1666666666666667,0.13333333333333333,24.08511453539858
"Moondance, Mesa, AZ",15,0.8666666666666667,312992.8756453439,38.8,3.3333333333333335,1.7272727272727273,0.2,479.24413516033775
"Superstition, Tempe, AZ",14,0.9285714285714286,320847.6874402645,8.428571428571429,3.892857142857143,2.3333333333333335,0.07142857142857142,436.3441142958689
"Ashley Park, Chandler, AZ",14,0.8571428571428571,677943.7018208391,36.42857142857143,4.214285714285714,1.6666666666666667,0.14285714285714285,206.50682294707408
"Wessex Square, Charlotte, NC",14,1.0,5261114.672037061,8.0,3.9642857142857144,,0.0,26.61033045793566
"Hembstead, Charlotte, NC",14,0.7857142857142857,2149680.9048897764,10.428571428571429,4.035714285714286,2.0,0.0,65.12594482350785
"Trails End, Chandler, AZ",14,0.7857142857142857,326492.3033956439,11.714285714285714,3.7857142857142856,1.8571428571428572,0.07142857142857142,428.80030721688337
"Scudder Park West, Tempe, AZ",14,1.0,678307.0799843374,22.071428571428573,3.9642857142857144,1.8,0.0,206.3961944835261
"Camelot Estates, Mesa, AZ",14,0.9285714285714286,556491.3276428368,42.92857142857143,3.9642857142857144,1.9,0.2857142857142857,251.57624754550312
"Spring Meadows, Gilbert, AZ",14,0.9285714285714286,340402.23190647084,43.285714285714285,3.9642857142857144,2.0,0.07142857142857142,411.2781494290158
"Morningside, Pittsburgh, PA",14,0.8571428571428571,1098210.8904507752,10.428571428571429,3.9642857142857144,1.1428571428571428,0.07142857142857142,127.48006891694104
"Mirador Estates, Gilbert, AZ",13,0.8461538461538461,306201.10532221326,43.30769230769231,3.8846153846153846,1.625,0.07692307692307693,424.5575791217407
"Troy Hill, Pittsburgh, PA",13,0.9230769230769231,1035451.4953824512,29.846153846153847,3.8846153846153846,1.75,0.23076923076923078,125.54909677539612
"Sherwood, Mesa, AZ",13,0.9230769230769231,551842.6986590781,12.0,3.8076923076923075,1.625,0.0,235.57437711124354
"Passey Place, Mesa, AZ",13,1.0,307932.05552563607,7.230769230769231,4.1923076923076925,1.5,0.0,422.17105256577355
"Heritage Park, Mesa, AZ",13,1.0,663743.7236553174,22.384615384615383,3.0384615384615383,1.5714285714285714,0.0,195.85872584086246
"Hough, Cleveland, OH",13,0.9230769230769231,5314627.181583092,11.692307692307692,3.076923076923077,1.4,0.0,24.46079387289709
"Country Club Heights, Charlotte, NC",13,0.8461538461538461,2955655.9242020375,47.84615384615385,4.269230769230769,1.375,0.07692307692307693,43.98346875747966
"Optimist Park NE, Tempe, AZ",13,0.6153846153846154,797954.4666565643,10.153846153846153,3.6923076923076925,1.0,0.0,162.91656408002962
"Oakwood, Pittsburgh, PA",13,0.9230769230769231,685104.3987865918,25.384615384615383,3.3076923076923075,1.3,0.15384615384615385,189.7521023514763
"Ashbrook-Clawson Village, Charlotte, NC",13,0.6923076923076923,1869216.0149930809,9.0,3.4615384615384617,1.5,0.0,69.54787405910452
"St. Claire-Superior, Cleveland, OH",13,0.7692307692307693,3863249.826370785,20.0,3.8846153846153846,1.7,0.23076923076923078,33.650425378294685
"Allentown, Pittsburgh, PA",13,0.7692307692307693,780234.0388293933,23.846153846153847,4.1923076923076925,1.6666666666666667,0.07692307692307693,166.6166733702654
"Norman Acres, Madison, WI",13,0.8461538461538461,163311.45046239885,17.307692307692307,3.1923076923076925,1.7692307692307692,0.15384615384615385,796.0250162001437
"Elvehjem, Madison, WI",13,0.8461538461538461,2831692.5609961613,10.384615384615385,3.6923076923076925,1.3333333333333333,0.07692307692307693,45.90893862936423
"Beatties Ford-Trinity, Charlotte, NC",13,1.0,5733283.395205452,8.76923076923077,3.3076923076923075,1.1428571428571428,0.0,22.674616103699766
"Colonial Village, Charlotte, NC",13,0.9230769230769231,726768.0301845878,8.076923076923077,3.5,1.6666666666666667,0.15384615384615385,178.8741312231112
"Newell South, Charlotte, NC",13,0.9230769230769231,5250160.716866779,12.076923076923077,3.230769230769231,1.3333333333333333,0.15384615384615385,24.76114675544297
"Neely Commons, Gilbert, AZ",13,0.9230769230769231,643040.8916107392,20.23076923076923,3.769230769230769,1.7142857142857142,0.0,202.16443727919983
"Sherwood Forest, Charlotte, NC",12,1.0,4032702.798494826,16.583333333333332,3.8333333333333335,2.0,0.08333333333333333,29.756718011748607
"Knoell East, Chandler, AZ",12,0.8333333333333334,643945.5943256847,50.166666666666664,4.25,1.75,0.08333333333333333,186.35114683199197
"Governor's Square, Charlotte, NC",12,0.9166666666666666,1248875.2725759,26.833333333333332,3.625,1.8571428571428572,0.25,96.08645685849069
"Heistand, Madison, WI",12,0.9166666666666666,1713793.1247650727,7.083333333333333,3.7083333333333335,1.5,0.0,70.02011985340974
"Broadmor, Tempe, AZ",12,1.0,649227.95166,26.5,4.0,1.75,0.0,184.83492538048313
"Carpenter-Ridgeway, Madison, WI",12,0.9166666666666666,2631461.4126085667,29.083333333333332,3.875,2.0,0.08333333333333333,45.6020367332858
"Brooklyn Centre, Cleveland, OH",12,1.0,3615953.7475763937,13.833333333333334,4.0,1.5714285714285714,0.4166666666666667,33.18626519502094
"Comanche Heights, Chandler, AZ",12,0.9166666666666666,189477.15568696678,44.75,3.7916666666666665,1.7142857142857142,0.16666666666666666,633.3217298144941
"Sunset Road, Charlotte, NC",12,1.0,4073934.7674089563,6.416666666666667,3.875,1.0,0.0,29.45555264163462
"Westmorland, Madison, WI",12,1.0,1196796.8580574123,23.5,4.208333333333333,1.5555555555555556,0.16666666666666666,100.26764291040895
"Allegheny Center, Pittsburgh, PA",12,0.9166666666666666,588072.9481459925,23.5,3.75,1.6,0.0,204.05631712582928
"Estate Groves and Valencia Estates, Mesa, AZ",12,1.0,2588774.002130023,6.666666666666667,4.208333333333333,1.5,0.0,46.353988374908326
"Rio Del Verde, Chandler, AZ",12,0.8333333333333334,168395.3916592568,11.083333333333334,3.75,2.0,0.0,712.6085744841315
"Lee Miles, Cleveland, OH",12,1.0,7589368.94230959,11.916666666666666,2.7083333333333335,1.375,0.0,15.811591307811913
"Oakdale South, Charlotte, NC",12,1.0,6046942.4465307025,23.5,3.2916666666666665,1.8,0.16666666666666666,19.844739893108677
"Ray Ranch, Gilbert, AZ",12,0.9166666666666666,483467.439628302,11.25,3.625,1.5,0.0,248.20699423369243
"Allen Ranch, Gilbert, AZ",11,0.7272727272727273,613127.3234612056,29.90909090909091,3.8181818181818183,1.5555555555555556,0.18181818181818182,179.40808669075736
"Westwood, Pittsburgh, PA",11,0.8181818181818182,1721060.2023150409,6.2727272727272725,3.090909090909091,1.7777777777777777,0.0,63.91409193707243
"Duquesne Heights, Pittsburgh, PA",11,0.8181818181818182,1614136.1814922497,75.9090909090909,3.909090909090909,3.4,0.45454545454545453,68.14790552449317
"Friendship, Pittsburgh, PA",11,1.0,274734.871708854,29.363636363636363,3.5454545454545454,1.8333333333333333,0.0,400.38601330729796
"Point Breeze North, Pittsburgh, PA",11,1.0,792204.9986831443,21.181818181818183,4.2272727272727275,1.25,0.0,138.85294864694023
"Eastfield, Charlotte, NC",11,1.0,3827290.232525304,7.909090909090909,3.5,1.8,0.0,28.74096118062631
"Sherwood Manor, Mesa, AZ",11,1.0,446620.7653174383,32.45454545454545,3.409090909090909,1.8333333333333333,0.09090909090909091,246.29396692251166
"Optimist Park SW, Tempe, AZ",11,1.0,623104.8759494296,14.818181818181818,3.772727272727273,2.0,0.0,176.53529003828154
"Lyon's Gate, Gilbert, AZ",11,0.8181818181818182,2262810.0547949057,10.0,3.590909090909091,1.3333333333333333,0.0,48.612122686528394
"Paseo Crossings, Chandler, AZ",11,1.0,478700.0184162978,19.181818181818183,4.045454545454546,1.4,0.18181818181818182,229.7890030669256
"Midvale Heights Community, Madison, WI",11,0.8181818181818182,2494460.392193092,10.454545454545455,3.409090909090909,1.7142857142857142,0.0,44.09771361544436
"Spring Harbor, Madison, WI",11,0.7272727272727273,1572719.849630934,32.27272727272727,3.909090909090909,2.0,0.2727272727272727,69.94252665267334
"Colonia Granada, Gilbert, AZ",11,0.9090909090909091,257313.26327758183,11.818181818181818,4.181818181818182,1.3333333333333333,0.0,427.49448123603054
"Coulwood West, Charlotte, NC",11,0.9090909090909091,13399262.074386042,8.363636363636363,4.045454545454546,1.4,0.09090909090909091,8.209407308352853
"West End, Pittsburgh, PA",11,0.8181818181818182,506173.8221790482,14.363636363636363,3.8636363636363638,1.75,0.18181818181818182,217.3166512769399
"Marshbrooke, Charlotte, NC",11,0.8181818181818182,4772963.093168024,15.454545454545455,3.5454545454545454,1.6,0.09090909090909091,23.046480321092993
"Wilson Heights, Charlotte, NC",10,0.8,2440482.885601358,4.0,3.3,1.0,0.0,40.975497345214556
"Rockwell Park-Hemphill Heights, Charlotte, NC",10,0.8,3997280.0677582826,9.3,3.25,1.5714285714285714,0.0,25.017011143800357
"Sunset Village, Madison, WI",10,0.8,974511.4037670109,24.7,3.65,2.0,0.2,102.61552570185037
"Mitchell Park East, Tempe, AZ",10,0.8,276623.0753109875,136.3,3.9,1.7777777777777777,0.2,361.5027411851928
"Glenville, Cleveland, OH",10,0.7,6681607.958351205,12.1,4.4,1.5,0.0,14.966457269467904
"Madera Parc, Gilbert, AZ",10,0.9,626811.9773772954,11.8,4.35,2.6666666666666665,0.0,159.5374747279394
"Clark Park, Tempe, AZ",10,0.7,326888.7451300952,64.2,3.65,1.4,0.1,305.9144785183778
"Tryon Hills, Charlotte, NC",10,1.0,1671228.1970472068,19.1,4.2,1.3333333333333333,0.0,59.836233122851816
"East Rio, Tempe, AZ",10,0.8,314689.7237430518,12.7,3.95,1.6666666666666667,0.0,317.7733254539042
"United Amigos, Mesa, AZ",10,0.7,985620.4826472531,15.0,2.95,1.6666666666666667,0.0,101.45893045101145
"Arrow Head Acres, North Las Vegas, NV",10,1.0,890298.7391531421,10.6,3.65,1.5,0.0,112.32184838891342
"McClellan Park, Madison, WI",10,0.8,2381346.720123426,18.2,3.7,1.8571428571428572,0.3,41.993045008925435
